"Set","PhageID","Host","Bacteria","StrainLabel","Count","Dilution","VolumePlated","PFU_mL","EOP","LFW","HostSpecies","Name","Year","LifeCycle","AtEmory"
1,"30E.2.2.1","Arthrobacter globiformis‚Äã","B2880","B",26,5,3,8e+08,0.24,"N","globiformis‚Äã","EyeOfDooley",2024,"Lytic","Y"
1,"30E.2.2.1","Arthrobacter pascens‚Äã","B2884","D",0,2,3,NA,NA,"N","pascens‚Äã","EyeOfDooley",2024,"Lytic","Y"
1,"30E.2.2.1","Arthrobacter globiformis‚Äã","B24025","F",0,2,3,NA,NA,"N","globiformis‚Äã","EyeOfDooley",2024,"Lytic","Y"
1,"30E.2.2.1","Arthrobacter oryzae‚Äã","B24478","G",0,2,3,NA,NA,"N","oryzae‚Äã","EyeOfDooley",2024,"Lytic","Y"
1,"30E.2.2.1","Arthrobacter humicola‚Äã","B24479","H",0,2,3,NA,NA,"N","humicola‚Äã","EyeOfDooley",2024,"Lytic","Y"
1,"30E.2.2.1","Arthrobacter globiformis‚Äã","B2979","TARGET",10,6,3,3.33e+09,NA,"N","globiformis‚Äã","EyeOfDooley",2024,"Lytic","Y"
1,"32D.3.1.2.3","Arthrobacter globiformis‚Äã","B2880","B",12,3,3,4e+06,0.00144,"N","globiformis‚Äã","Aporia",2024,"Lytic","Y"
1,"32D.3.1.2.3","Arthrobacter pascens‚Äã","B2884","D",0,2,3,NA,NA,"N","pascens‚Äã","Aporia",2024,"Lytic","Y"
1,"32D.3.1.2.3","Arthrobacter globiformis‚Äã","B24025","F",0,2,3,NA,NA,"N","globiformis‚Äã","Aporia",2024,"Lytic","Y"
1,"32D.3.1.2.3","Arthrobacter oryzae‚Äã","B24478","G",47,3,3,15700000,0.00564,"N","oryzae‚Äã","Aporia",2024,"Lytic","Y"
1,"32D.3.1.2.3","Arthrobacter humicola‚Äã","B24479","H",0,2,3,NA,NA,"N","humicola‚Äã","Aporia",2024,"Lytic","Y"
1,"32D.3.1.2.3","Arthrobacter globiformis‚Äã","B2979","TARGET",8.333333333,6,3,2.78e+09,NA,"N","globiformis‚Äã","Aporia",2024,"Lytic","Y"
1,"4E.2.1.1.2","Arthrobacter globiformis‚Äã","B2880","B",60,2,3,2e+06,0.00015,"N","globiformis‚Äã","Volarius",2024,"Lytic","Y"
1,"4E.2.1.1.2","Arthrobacter pascens‚Äã","B2884","D",0,2,3,NA,NA,"N","pascens‚Äã","Volarius",2024,"Lytic","Y"
1,"4E.2.1.1.2","Arthrobacter globiformis‚Äã","B24025","F",45,2,3,1500000,0.000113,"N","globiformis‚Äã","Volarius",2024,"Lytic","Y"
1,"4E.2.1.1.2","Arthrobacter oryzae‚Äã","B24478","G",0,2,3,NA,NA,"N","oryzae‚Äã","Volarius",2024,"Lytic","Y"
1,"4E.2.1.1.2","Arthrobacter humicola‚Äã","B24479","H",0,2,3,NA,NA,"N","humicola‚Äã","Volarius",2024,"Lytic","Y"
1,"4E.2.1.1.2","Arthrobacter globiformis‚Äã","B2979","TARGET",40,6,3,1.33e+10,NA,"N","globiformis‚Äã","Volarius",2024,"Lytic","Y"
1,"33E.2.1.1","Arthrobacter globiformis‚Äã","B2880","B",4,6,3,1.33e+09,0.08,"N","globiformis‚Äã","Atlantica",2024,"Temperate","Y"
1,"33E.2.1.1","Arthrobacter pascens‚Äã","B2884","D",0,2,3,NA,NA,"N","pascens‚Äã","Atlantica",2024,"Temperate","Y"
1,"33E.2.1.1","Arthrobacter globiformis‚Äã","B24025","F",4,7,3,1.33e+10,0.8,"N","globiformis‚Äã","Atlantica",2024,"Temperate","Y"
1,"33E.2.1.1","Arthrobacter oryzae‚Äã","B24478","G",2,2,3,66700,4e-06,"N","oryzae‚Äã","Atlantica",2024,"Temperate","Y"
1,"33E.2.1.1","Arthrobacter humicola‚Äã","B24479","H",0,2,3,NA,NA,"N","humicola‚Äã","Atlantica",2024,"Temperate","Y"
1,"33E.2.1.1","Arthrobacter globiformis‚Äã","B2979","TARGET",5,7,3,1.67e+10,NA,"N","globiformis‚Äã","Atlantica",2024,"Temperate","Y"
1,"32D.1.1.1.1","Arthrobacter globiformis‚Äã","B2880","B",0,8,3,NA,NA,"N","globiformis‚Äã","Clytemnestra",2024,"Temperate","Y"
1,"32D.1.1.1.1","Arthrobacter pascens‚Äã","B2884","D",0,8,3,NA,NA,"N","pascens‚Äã","Clytemnestra",2024,"Temperate","Y"
1,"32D.1.1.1.1","Arthrobacter globiformis‚Äã","B24025","F",100,8,3,3.33e+12,1,"N","globiformis‚Äã","Clytemnestra",2024,"Temperate","Y"
1,"32D.1.1.1.1","Arthrobacter oryzae‚Äã","B24478","G",0,8,3,NA,NA,"N","oryzae‚Äã","Clytemnestra",2024,"Temperate","Y"
1,"32D.1.1.1.1","Arthrobacter humicola‚Äã","B24479","H",0,8,3,NA,NA,"N","humicola‚Äã","Clytemnestra",2024,"Temperate","Y"
1,"32D.1.1.1.1","Arthrobacter globiformis‚Äã","B2979","TARGET",100,8,3,3.33e+12,NA,"N","globiformis‚Äã","Clytemnestra",2024,"Temperate","Y"
1,"32E.2.1.1","Arthrobacter globiformis‚Äã","B2880","B",0,8,3,NA,NA,"N","globiformis‚Äã","Panchaali",2024,"Lytic","Y"
1,"32E.2.1.1","Arthrobacter pascens‚Äã","B2884","D",0,8,3,NA,NA,"N","pascens‚Äã","Panchaali",2024,"Lytic","Y"
1,"32E.2.1.1","Arthrobacter globiformis‚Äã","B24025","F",19,8,3,6.33e+11,3.17,"N","globiformis‚Äã","Panchaali",2024,"Lytic","Y"
1,"32E.2.1.1","Arthrobacter oryzae‚Äã","B24478","G",1,6,3,3.33e+08,0.00167,"Y","oryzae‚Äã","Panchaali",2024,"Lytic","Y"
1,"32E.2.1.1","Arthrobacter humicola‚Äã","B24479","H",0,8,3,NA,NA,"N","humicola‚Äã","Panchaali",2024,"Lytic","Y"
1,"32E.2.1.1","Arthrobacter globiformis‚Äã","B2979","TARGET",6,8,3,2e+11,NA,"N","globiformis‚Äã","Panchaali",2024,"Lytic","Y"
1,"31D.1.2.1.1","Arthrobacter globiformis‚Äã","B2880","B",9,3,10,9e+05,1.5e-05,"N","globiformis‚Äã","FireStar",2024,"Lytic","Y"
1,"31D.1.2.1.1","Arthrobacter pascens‚Äã","B2884","D",0,3,10,NA,NA,"N","pascens‚Äã","FireStar",2024,"Lytic","Y"
1,"31D.1.2.1.1","Arthrobacter globiformis‚Äã","B24025","F",0,3,10,NA,NA,"N","globiformis‚Äã","FireStar",2024,"Lytic","Y"
1,"31D.1.2.1.1","Arthrobacter oryzae‚Äã","B24478","G",0,3,10,NA,NA,"N","oryzae‚Äã","FireStar",2024,"Lytic","Y"
1,"31D.1.2.1.1","Arthrobacter humicola‚Äã","B24479","H",0,3,10,NA,NA,"N","humicola‚Äã","FireStar",2024,"Lytic","Y"
1,"31D.1.2.1.1","Arthrobacter globiformis‚Äã","B2979","TARGET",6,8,10,6e+10,NA,"N","globiformis‚Äã","FireStar",2024,"Lytic","Y"
1,"7D.1.1","Arthrobacter globiformis‚Äã","B2880","B",3,7,3,1e+10,0.12,"N","globiformis‚Äã","MossAgate",2023,"","Y"
1,"7D.1.1","Arthrobacter pascens‚Äã","B2884","D",0,7,3,NA,NA,"N","pascens‚Äã","MossAgate",2023,"","Y"
1,"7D.1.1","Arthrobacter globiformis‚Äã","B24025","F",0,7,3,NA,NA,"N","globiformis‚Äã","MossAgate",2023,"","Y"
1,"7D.1.1","Arthrobacter oryzae‚Äã","B24478","G",0,7,3,NA,NA,"N","oryzae‚Äã","MossAgate",2023,"","Y"
1,"7D.1.1","Arthrobacter humicola‚Äã","B24479","H",0,7,3,NA,NA,"N","humicola‚Äã","MossAgate",2023,"","Y"
1,"7D.1.1","Arthrobacter globiformis‚Äã","B2979","TARGET",25,7,3,8.33e+10,NA,"N","globiformis‚Äã","MossAgate",2023,"","Y"
1,"8E.1.1","Arthrobacter globiformis‚Äã","B2880","B",8,6,3,2.67e+09,0.163,"N","globiformis‚Äã","Staurolite",2023,"","Y"
1,"8E.1.1","Arthrobacter pascens‚Äã","B2884","D",0,7,3,NA,NA,"N","pascens‚Äã","Staurolite",2023,"","Y"
1,"8E.1.1","Arthrobacter globiformis‚Äã","B24025","F",5,4,3,16700000,NA,"N","globiformis‚Äã","Staurolite",2023,"","Y"
1,"8E.1.1","Arthrobacter oryzae‚Äã","B24478","G",0,7,3,NA,NA,"N","oryzae‚Äã","Staurolite",2023,"","Y"
1,"8E.1.1","Arthrobacter humicola‚Äã","B24479","H",0,7,3,NA,NA,"N","humicola‚Äã","Staurolite",2023,"","Y"
1,"8E.1.1","Arthrobacter globiformis‚Äã","B2979","TARGET",49,6,3,1.63e+10,NA,"N","globiformis‚Äã","Staurolite",2023,"","Y"
1,"Ultraviolet","Arthrobacter globiformis‚Äã","B2880","B",0,3,3,NA,NA,"N","globiformis‚Äã","Ultraviolet",2024,"","N"
1,"Ultraviolet","Arthrobacter pascens‚Äã","B2884","D",0,3,3,NA,NA,"N","pascens‚Äã","Ultraviolet",2024,"","N"
1,"Ultraviolet","Arthrobacter globiformis‚Äã","B24025","F",0,3,3,NA,NA,"N","globiformis‚Äã","Ultraviolet",2024,"","N"
1,"Ultraviolet","Arthrobacter oryzae‚Äã","B24478","G",0,3,3,NA,NA,"N","oryzae‚Äã","Ultraviolet",2024,"","N"
1,"Ultraviolet","Arthrobacter humicola‚Äã","B24479","H",0,3,3,NA,NA,"N","humicola‚Äã","Ultraviolet",2024,"","N"
1,"Ultraviolet","Arthrobacter globiformis‚Äã","B2979","TARGET",4,6,3,1.33e+09,NA,"N","globiformis‚Äã","Ultraviolet",2024,"","N"
1,"16E.1.1","Arthrobacter globiformis‚Äã","B2880","B",2,5,3,66700000,0.00455,"N","globiformis‚Äã","PinkBalloon",2024,"","Y"
1,"16E.1.1","Arthrobacter pascens‚Äã","B2884","D",0,3,3,NA,NA,"N","pascens‚Äã","PinkBalloon",2024,"","Y"
1,"16E.1.1","Arthrobacter globiformis‚Äã","B24025","F",47,5,3,1.57e+09,0.107,"N","globiformis‚Äã","PinkBalloon",2024,"","Y"
1,"16E.1.1","Arthrobacter oryzae‚Äã","B24478","G",0,3,3,NA,NA,"N","oryzae‚Äã","PinkBalloon",2024,"","Y"
1,"16E.1.1","Arthrobacter humicola‚Äã","B24479","H",0,3,3,NA,NA,"N","humicola‚Äã","PinkBalloon",2024,"","Y"
1,"16E.1.1","Arthrobacter globiformis‚Äã","B2979","TARGET",44,6,3,1.47e+10,NA,"N","globiformis‚Äã","PinkBalloon",2024,"","Y"
1,"33E.1.1","Arthrobacter globiformis‚Äã","B2880","B",13,5,3,4.33e+08,0.325,"N","globiformis‚Äã","Atlantica",2024,"Temperate","Y"
1,"33E.1.1","Arthrobacter pascens‚Äã","B2884","D",0,1,3,NA,NA,"N","pascens‚Äã","Atlantica",2024,"Temperate","Y"
1,"33E.1.1","Arthrobacter globiformis‚Äã","B24025","F",27,6,3,9e+09,6.75,"N","globiformis‚Äã","Atlantica",2024,"Temperate","Y"
1,"33E.1.1","Arthrobacter oryzae‚Äã","B24478","G",31,2,3,1030000,0.000775,"N","oryzae‚Äã","Atlantica",2024,"Temperate","Y"
1,"33E.1.1","Arthrobacter humicola‚Äã","B24479","H",0,1,3,NA,NA,"N","humicola‚Äã","Atlantica",2024,"Temperate","Y"
1,"33E.1.1","Arthrobacter globiformis‚Äã","B2979","TARGET",40,5,3,1.33e+09,NA,"N","globiformis‚Äã","Atlantica",2024,"Temperate","Y"
1,"I.1E.1.1","Arthrobacter globiformis‚Äã","B2880","B",21,3,3,7e+06,0.0084,"N","globiformis‚Äã","Dumortierite",2023,"","Y"
1,"I.1E.1.1","Arthrobacter globiformis‚Äã","B24025","F",0,2,3,NA,NA,"N","globiformis‚Äã","Dumortierite",2023,"","Y"
1,"I.1E.1.1","Arthrobacter oryzae‚Äã","B24478","G",0,2,3,NA,NA,"N","oryzae‚Äã","Dumortierite",2023,"","Y"
1,"I.1E.1.1","Arthrobacter humicola‚Äã","B24479","H",0,2,3,NA,NA,"N","humicola‚Äã","Dumortierite",2023,"","Y"
1,"I.1E.1.1","Arthrobacter globiformis‚Äã","B2979","TARGET",25,5,3,8.33e+08,NA,"N","globiformis‚Äã","Dumortierite",2023,"","Y"
1,"13D.1.1","Arthrobacter globiformis‚Äã","B2880","B",18,5,3,6e+08,0.0667,"N","globiformis‚Äã","ShrimpNGrits",2023,"","Y"
1,"13D.1.1","Arthrobacter globiformis‚Äã","B24025","F",0,2,3,NA,NA,"N","globiformis‚Äã","ShrimpNGrits",2023,"","Y"
1,"13D.1.1","Arthrobacter oryzae‚Äã","B24478","G",0,2,3,NA,NA,"N","oryzae‚Äã","ShrimpNGrits",2023,"","Y"
1,"13D.1.1","Arthrobacter humicola‚Äã","B24479","H",0,2,3,NA,NA,"N","humicola‚Äã","ShrimpNGrits",2023,"","Y"
1,"13D.1.1","Arthrobacter globiformis‚Äã","B2979","TARGET",27,6,3,9e+09,NA,"N","globiformis‚Äã","ShrimpNGrits",2023,"","Y"
1,"5E.1.1","Arthrobacter globiformis‚Äã","B2880","B",0,2,3,NA,NA,"N","globiformis‚Äã","BlackJade",2023,"","Y"
1,"5E.1.1","Arthrobacter globiformis‚Äã","B24025","F",4,7,3,1.33e+10,0.667,"N","globiformis‚Äã","BlackJade",2023,"","Y"
1,"5E.1.1","Arthrobacter oryzae‚Äã","B24478","G",0,2,3,NA,NA,"N","oryzae‚Äã","BlackJade",2023,"","Y"
1,"5E.1.1","Arthrobacter humicola‚Äã","B24479","H",0,2,3,NA,NA,"N","humicola‚Äã","BlackJade",2023,"","Y"
1,"5E.1.1","Arthrobacter globiformis‚Äã","B2979","TARGET",6,7,3,2e+10,NA,"N","globiformis‚Äã","BlackJade",2023,"","Y"
1,"35E.2.1.1","Arthrobacter globiformis‚Äã","B2880","B",0,2,3,NA,NA,"N","globiformis‚Äã","CherokeeRose",2024,"","Y"
1,"35E.2.1.1","Arthrobacter globiformis‚Äã","B24025","F",11,5,3,3.67e+08,0.0297,"N","globiformis‚Äã","CherokeeRose",2024,"","Y"
1,"35E.2.1.1","Arthrobacter oryzae‚Äã","B24478","G",0,2,3,NA,NA,"N","oryzae‚Äã","CherokeeRose",2024,"","Y"
1,"35E.2.1.1","Arthrobacter humicola‚Äã","B24479","H",0,2,3,NA,NA,"N","humicola‚Äã","CherokeeRose",2024,"","Y"
1,"35E.2.1.1","Arthrobacter globiformis‚Äã","B2979","TARGET",37,6,3,1.23e+10,NA,"N","globiformis‚Äã","CherokeeRose",2024,"","Y"
1,"Liebe","Arthrobacter globiformis‚Äã","B2880","B",0,2,3,NA,NA,"N","globiformis‚Äã","Liebe",2017,"Temperate","N"
1,"Liebe","Arthrobacter globiformis‚Äã","B24025","F",8,6,3,2.67e+09,0.08,"N","globiformis‚Äã","Liebe",2017,"Temperate","N"
1,"Liebe","Arthrobacter oryzae‚Äã","B24478","G",0,2,3,NA,NA,"N","oryzae‚Äã","Liebe",2017,"Temperate","N"
1,"Liebe","Arthrobacter humicola‚Äã","B24479","H",0,2,3,NA,NA,"N","humicola‚Äã","Liebe",2017,"Temperate","N"
1,"Liebe","Arthrobacter globiformis‚Äã","B2979","TARGET",10,7,3,3.33e+10,NA,"N","globiformis‚Äã","Liebe",2017,"Temperate","N"
1,"TrixiePhattel","Arthrobacter globiformis‚Äã","B2880","B",15,4,3,5e+07,0.15,"N","globiformis‚Äã","TrixiePhattel",2024,"Lytic","N"
1,"TrixiePhattel","Arthrobacter globiformis‚Äã","B24025","F",3,5,3,1e+08,0.3,"N","globiformis‚Äã","TrixiePhattel",2024,"Lytic","N"
1,"TrixiePhattel","Arthrobacter oryzae‚Äã","B24478","G",26,4,3,86700000,0.26,"N","oryzae‚Äã","TrixiePhattel",2024,"Lytic","N"
1,"TrixiePhattel","Arthrobacter humicola‚Äã","B24479","H",0,2,3,NA,NA,"N","humicola‚Äã","TrixiePhattel",2024,"Lytic","N"
1,"TrixiePhattel","Arthrobacter globiformis‚Äã","B2979","TARGET",10,5,3,3.33e+08,NA,"N","globiformis‚Äã","TrixiePhattel",2024,"Lytic","N"
1,"14D.1.1","Arthrobacter globiformis‚Äã","B2880","B",14,5,3,4.67e+08,0.0378,"N","globiformis‚Äã","ButteryBiscuit",2023,"","Y"
1,"14D.1.1","Arthrobacter globiformis‚Äã","B24025","F",0,2,3,NA,NA,"N","globiformis‚Äã","ButteryBiscuit",2023,"","Y"
1,"14D.1.1","Arthrobacter oryzae‚Äã","B24478","G",0,2,3,NA,NA,"N","oryzae‚Äã","ButteryBiscuit",2023,"","Y"
1,"14D.1.1","Arthrobacter humicola‚Äã","B24479","H",0,2,3,NA,NA,"N","humicola‚Äã","ButteryBiscuit",2023,"","Y"
1,"14D.1.1","Arthrobacter globiformis‚Äã","B2979","TARGET",37,6,3,1.23e+10,NA,"N","globiformis‚Äã","ButteryBiscuit",2023,"","Y"
1,"23E.1.1","Arthrobacter globiformis‚Äã","B2880","B",25,4,3,83300000,0.049,"N","globiformis‚Äã","Chabazite",2023,"","Y"
1,"23E.1.1","Arthrobacter globiformis‚Äã","B24025","F",0,2,3,NA,NA,"N","globiformis‚Äã","Chabazite",2023,"","Y"
1,"23E.1.1","Arthrobacter oryzae‚Äã","B24478","G",0,2,3,NA,NA,"N","oryzae‚Äã","Chabazite",2023,"","Y"
1,"23E.1.1","Arthrobacter humicola‚Äã","B24479","H",0,2,3,NA,NA,"N","humicola‚Äã","Chabazite",2023,"","Y"
1,"23E.1.1","Arthrobacter globiformis‚Äã","B2979","TARGET",51,5,3,1.7e+09,NA,"N","globiformis‚Äã","Chabazite",2023,"","Y"
1,"I.1E.6.2.1","Arthrobacter globiformis‚Äã","B2880","B",44,3,3,14700000,0.0129,"N","globiformis‚Äã","Demasiado",2023,"Temperate","Y"
1,"I.1E.6.2.1","Arthrobacter globiformis‚Äã","B24025","F",0,2,3,NA,NA,"N","globiformis‚Äã","Demasiado",2023,"Temperate","Y"
1,"I.1E.6.2.1","Arthrobacter oryzae‚Äã","B24478","G",0,2,3,NA,NA,"N","oryzae‚Äã","Demasiado",2023,"Temperate","Y"
1,"I.1E.6.2.1","Arthrobacter humicola‚Äã","B24479","H",0,2,3,NA,NA,"N","humicola‚Äã","Demasiado",2023,"Temperate","Y"
1,"I.1E.6.2.1","Arthrobacter globiformis‚Äã","B2979","TARGET",34,5,3,1.13e+09,NA,"N","globiformis‚Äã","Demasiado",2023,"Temperate","Y"
1,"1E.1.1","Arthrobacter globiformis‚Äã","B2880","B",34,2,3,1130000,2.83e-05,"N","globiformis‚Äã","Coopy",2023,"","Y"
1,"1E.1.1","Arthrobacter globiformis‚Äã","B24025","F",12,5,3,4e+08,0.01,"N","globiformis‚Äã","Coopy",2023,"","Y"
1,"1E.1.1","Arthrobacter oryzae‚Äã","B24478","G",0,2,3,NA,NA,"N","oryzae‚Äã","Coopy",2023,"","Y"
1,"1E.1.1","Arthrobacter humicola‚Äã","B24479","H",0,2,3,NA,NA,"N","humicola‚Äã","Coopy",2023,"","Y"
1,"1E.1.1","Arthrobacter globiformis‚Äã","B2979","TARGET",12,7,3,4e+10,NA,"N","globiformis‚Äã","Coopy",2023,"","Y"
1,"32D.4.1.1","Arthrobacter pascens‚Äã","B1814","A",0,0,3,NA,NA,"N","pascens‚Äã","BananaPudding",2024,"Lytic","Y"
1,"32D.4.1.1","Arthrobacter globiformis‚Äã","B2880","B",14,5,3,4.67e+08,0.259,"N","globiformis‚Äã","BananaPudding",2024,"Lytic","Y"
1,"32D.4.1.1","Arthrobacter globiformis‚Äã","B24025","F",0,0,3,NA,NA,"N","globiformis‚Äã","BananaPudding",2024,"Lytic","Y"
1,"32D.4.1.1","Arthrobacter oryzae‚Äã","B24478","G",0,0,3,NA,NA,"N","oryzae‚Äã","BananaPudding",2024,"Lytic","Y"
1,"32D.4.1.1","Arthrobacter humicola‚Äã","B24479","H",0,0,3,NA,NA,"N","humicola‚Äã","BananaPudding",2024,"Lytic","Y"
1,"32D.4.1.1","Arthrobacter globiformis‚Äã","B2979","TARGET",54,5,3,1.8e+09,NA,"N","globiformis‚Äã","BananaPudding",2024,"Lytic","Y"
1,"29E.1.1.1","Arthrobacter pascens‚Äã","B1814","A",0,0,3,NA,NA,"N","pascens‚Äã","IllegallySmol",2024,"","Y"
1,"29E.1.1.1","Arthrobacter globiformis‚Äã","B2880","B",21,5,3,7e+08,0.808,"N","globiformis‚Äã","IllegallySmol",2024,"","Y"
1,"29E.1.1.1","Arthrobacter globiformis‚Äã","B24025","F",0,0,3,NA,NA,"N","globiformis‚Äã","IllegallySmol",2024,"","Y"
1,"29E.1.1.1","Arthrobacter oryzae‚Äã","B24478","G",1,0,3,333,3.85e-07,"Y","oryzae‚Äã","IllegallySmol",2024,"","Y"
1,"29E.1.1.1","Arthrobacter humicola‚Äã","B24479","H",1,0,3,333,3.85e-07,"Y","humicola‚Äã","IllegallySmol",2024,"","Y"
1,"29E.1.1.1","Arthrobacter globiformis‚Äã","B2979","TARGET",26,5,3,8.67e+08,NA,"N","globiformis‚Äã","IllegallySmol",2024,"","Y"
1,"35E.1.1.1","Arthrobacter pascens‚Äã","B1814","A",0,0,3,NA,NA,"N","pascens‚Äã","EpicSnackTime",2024,"Temperate","Y"
1,"35E.1.1.1","Arthrobacter globiformis‚Äã","B2880","B",7,5,3,2.33e+08,0.05,"N","globiformis‚Äã","EpicSnackTime",2024,"Temperate","Y"
1,"35E.1.1.1","Arthrobacter globiformis‚Äã","B24025","F",4,6,3,1.33e+09,0.286,"N","globiformis‚Äã","EpicSnackTime",2024,"Temperate","Y"
1,"35E.1.1.1","Arthrobacter oryzae‚Äã","B24478","G",8,3,3,2670000,0.000571,"N","oryzae‚Äã","EpicSnackTime",2024,"Temperate","Y"
1,"35E.1.1.1","Arthrobacter humicola‚Äã","B24479","H",0,0,3,NA,NA,"N","humicola‚Äã","EpicSnackTime",2024,"Temperate","Y"
1,"35E.1.1.1","Arthrobacter globiformis‚Äã","B2979","TARGET",14,6,3,4.67e+09,NA,"N","globiformis‚Äã","EpicSnackTime",2024,"Temperate","Y"
1,"35E.2.1.1","Arthrobacter pascens‚Äã","B1814","A",0,0,3,NA,NA,"N","pascens‚Äã","CherokeeRose",2024,"","Y"
1,"35E.2.1.1","Arthrobacter globiformis‚Äã","B2979","TARGET",5,7,3,1.67e+10,NA,"N","globiformis‚Äã","CherokeeRose",2024,"","Y"
1,"23E.1.1","Arthrobacter pascens‚Äã","B1814","A",0,0,3,NA,NA,"N","pascens‚Äã","Chabazite",2023,"","Y"
1,"23E.1.1","Arthrobacter globiformis‚Äã","B2979","TARGET",36,6,3,1.2e+10,NA,"N","globiformis‚Äã","Chabazite",2023,"","Y"
1,"13D.1.1","Arthrobacter pascens‚Äã","B1814","A",0,0,3,NA,NA,"N","pascens‚Äã","ShrimpNGrits",2023,"","Y"
1,"13D.1.1","Arthrobacter globiformis‚Äã","B2979","TARGET",11,5,3,3.67e+08,NA,"N","globiformis‚Äã","ShrimpNGrits",2023,"","Y"
1,"5E.1.1","Arthrobacter pascens‚Äã","B1814","A",0,0,3,NA,NA,"N","pascens‚Äã","BlackJade",2023,"","Y"
1,"5E.1.1","Arthrobacter globiformis‚Äã","B2979","TARGET",11,6,3,3.67e+09,NA,"N","globiformis‚Äã","BlackJade",2023,"","Y"
1,"1E.1.1","Arthrobacter pascens‚Äã","B1814","A",0,0,3,NA,NA,"N","pascens‚Äã","Coopy",2023,"","Y"
1,"1E.1.1","Arthrobacter globiformis‚Äã","B2979","TARGET",11,6,3,3.67e+09,NA,"N","globiformis‚Äã","Coopy",2023,"","Y"
1,"I.1E.6.2.1","Arthrobacter pascens‚Äã","B1814","A",0,0,3,NA,NA,"N","pascens‚Äã","Demasiado",2023,"Temperate","Y"
1,"I.1E.6.2.1","Arthrobacter globiformis‚Äã","B2979","TARGET",15,6,3,5e+09,NA,"N","globiformis‚Äã","Demasiado",2023,"Temperate","Y"
1,"I.1E.1.1","Arthrobacter pascens‚Äã","B1814","A",0,0,3,NA,NA,"N","pascens‚Äã","Dumortierite",2023,"","Y"
1,"I.1E.1.1","Arthrobacter globiformis‚Äã","B2979","TARGET",7,7,3,2.33e+10,NA,"N","globiformis‚Äã","Dumortierite",2023,"","Y"
1,"TrixiePhattel","Arthrobacter pascens‚Äã","B1814","A",0,0,3,NA,NA,"N","pascens‚Äã","TrixiePhattel",2024,"Lytic","N"
1,"TrixiePhattel","Arthrobacter globiformis‚Äã","B2979","TARGET",32,5,3,1.07e+09,NA,"N","globiformis‚Äã","TrixiePhattel",2024,"Lytic","N"
1,"Liebe","Arthrobacter pascens‚Äã","B1814","A",0,0,3,NA,NA,"N","pascens‚Äã","Liebe",2017,"Temperate","N"
1,"Liebe","Arthrobacter globiformis‚Äã","B2979","TARGET",8,7,3,2.67e+10,NA,"N","globiformis‚Äã","Liebe",2017,"Temperate","N"
2,"7D.1.1","Arthrobacter globiformis‚Äã","B2880","B",7,7,3,2.33e+10,1,"N","globiformis‚Äã","MossAgate",2023,"","Y"
2,"7D.1.1","Arthrobacter globiformis‚Äã","B24025","F",0,0,3,NA,NA,"N","globiformis‚Äã","MossAgate",2023,"","Y"
2,"7D.1.1","Arthrobacter oryzae‚Äã","B24478","G",0,0,3,NA,NA,"N","oryzae‚Äã","MossAgate",2023,"","Y"
2,"7D.1.1","Arthrobacter globiformis‚Äã","B2979","TARGET",7,7,3,2.33e+10,NA,"N","globiformis‚Äã","MossAgate",2023,"","Y"
2,"8E.1.1","Arthrobacter globiformis‚Äã","B2880","B",21,6,3,7e+09,0.35,"N","globiformis‚Äã","Staurolite",2023,"","Y"
2,"8E.1.1","Arthrobacter globiformis‚Äã","B24025","F",0,0,3,NA,NA,"N","globiformis‚Äã","Staurolite",2023,"","Y"
2,"8E.1.1","Arthrobacter oryzae‚Äã","B24478","G",0,0,3,NA,NA,"N","oryzae‚Äã","Staurolite",2023,"","Y"
2,"8E.1.1","Arthrobacter globiformis‚Äã","B2979","TARGET",6,7,3,2e+10,NA,"N","globiformis‚Äã","Staurolite",2023,"","Y"
2,"14D.1.1","Arthrobacter globiformis‚Äã","B2880","B",15,6,3,5e+09,0.214,"N","globiformis‚Äã","ButteryBiscuit",2023,"","Y"
2,"14D.1.1","Arthrobacter globiformis‚Äã","B24025","F",0,0,3,NA,NA,"N","globiformis‚Äã","ButteryBiscuit",2023,"","Y"
2,"14D.1.1","Arthrobacter oryzae‚Äã","B24478","G",0,0,3,NA,NA,"N","oryzae‚Äã","ButteryBiscuit",2023,"","Y"
2,"14D.1.1","Arthrobacter globiformis‚Äã","B2979","TARGET",7,7,3,2.33e+10,NA,"N","globiformis‚Äã","ButteryBiscuit",2023,"","Y"
2,"I.1E.1.1","Arthrobacter globiformis‚Äã","B2880","B",12,4,3,4e+07,0.01,"N","globiformis‚Äã","Dumortierite",2023,"","Y"
2,"I.1E.1.1","Arthrobacter globiformis‚Äã","B24025","F",0,0,3,NA,NA,"N","globiformis‚Äã","Dumortierite",2023,"","Y"
2,"I.1E.1.1","Arthrobacter oryzae‚Äã","B24478","G",0,0,3,NA,NA,"N","oryzae‚Äã","Dumortierite",2023,"","Y"
2,"I.1E.1.1","Arthrobacter globiformis‚Äã","B2979","TARGET",12,6,3,4e+09,NA,"N","globiformis‚Äã","Dumortierite",2023,"","Y"
2,"I.1E.6.2.1","Arthrobacter globiformis‚Äã","B2880","B",16,5,3,5.33e+08,0.145,"N","globiformis‚Äã","Demasiado",2023,"Temperate","Y"
2,"I.1E.6.2.1","Arthrobacter globiformis‚Äã","B24025","F",0,0,3,NA,NA,"N","globiformis‚Äã","Demasiado",2023,"Temperate","Y"
2,"I.1E.6.2.1","Arthrobacter oryzae‚Äã","B24478","G",0,0,3,NA,NA,"N","oryzae‚Äã","Demasiado",2023,"Temperate","Y"
2,"I.1E.6.2.1","Arthrobacter globiformis‚Äã","B2979","TARGET",11,6,3,3.67e+09,NA,"N","globiformis‚Äã","Demasiado",2023,"Temperate","Y"
2,"35E.1.1.1","Arthrobacter globiformis‚Äã","B2880","B",6,5,3,2e+08,0.04,"N","globiformis‚Äã","EpicSnackTime",2024,"Temperate","Y"
2,"35E.1.1.1","Arthrobacter globiformis‚Äã","B24025","F",10,6,3,3.33e+09,0.667,"N","globiformis‚Äã","EpicSnackTime",2024,"Temperate","Y"
2,"35E.1.1.1","Arthrobacter oryzae‚Äã","B24478","G",0,0,3,NA,NA,"N","oryzae‚Äã","EpicSnackTime",2024,"Temperate","Y"
2,"35E.1.1.1","Arthrobacter globiformis‚Äã","B2979","TARGET",15,6,3,5e+09,NA,"N","globiformis‚Äã","EpicSnackTime",2024,"Temperate","Y"
2,"31D.1.2.1.1","Arthrobacter globiformis‚Äã","B2880","B",10,3,3,3330000,0.00025,"N","globiformis‚Äã","FireStar",2024,"Lytic","Y"
2,"31D.1.2.1.1","Arthrobacter globiformis‚Äã","B24025","F",0,0,3,NA,NA,"N","globiformis‚Äã","FireStar",2024,"Lytic","Y"
2,"31D.1.2.1.1","Arthrobacter oryzae‚Äã","B24478","G",13,4,3,43300000,NA,"N","oryzae‚Äã","FireStar",2024,"Lytic","Y"
2,"31D.1.2.1.1","Arthrobacter globiformis‚Äã","B2979","TARGET",4,7,3,1.33e+10,NA,"N","globiformis‚Äã","FireStar",2024,"Lytic","Y"
2,"33E.2.1.1","Arthrobacter globiformis‚Äã","B2880","B",10,5,3,3.33e+08,0.0333,"N","globiformis‚Äã","Atlantica",2024,"Temperate","Y"
2,"33E.2.1.1","Arthrobacter globiformis‚Äã","B24025","F",4,7,3,1.33e+10,1.33,"N","globiformis‚Äã","Atlantica",2024,"Temperate","Y"
2,"33E.2.1.1","Arthrobacter oryzae‚Äã","B24478","G",1,1,3,3330,3.33e-07,"N","oryzae‚Äã","Atlantica",2024,"Temperate","Y"
2,"33E.2.1.1","Arthrobacter globiformis‚Äã","B2979","TARGET",3,7,3,1e+10,NA,"N","globiformis‚Äã","Atlantica",2024,"Temperate","Y"
2,"30E.2.2.1","Arthrobacter globiformis‚Äã","B2880","B",31,6,3,1.03e+10,0.344,"N","globiformis‚Äã","EyeOfDooley",2024,"Lytic","Y"
2,"30E.2.2.1","Arthrobacter globiformis‚Äã","B24025","F",0,0,3,NA,NA,"N","globiformis‚Äã","EyeOfDooley",2024,"Lytic","Y"
2,"30E.2.2.1","Arthrobacter oryzae‚Äã","B24478","G",0,0,3,NA,NA,"N","oryzae‚Äã","EyeOfDooley",2024,"Lytic","Y"
2,"30E.2.2.1","Arthrobacter globiformis‚Äã","B2979","TARGET",9,7,3,3e+10,NA,"N","globiformis‚Äã","EyeOfDooley",2024,"Lytic","Y"
2,"32D.3.1.2.3","Arthrobacter globiformis‚Äã","B2880","B",4,2,3,133000,0.00025,"N","globiformis‚Äã","Aporia",2024,"Lytic","Y"
2,"32D.3.1.2.3","Arthrobacter globiformis‚Äã","B24025","F",0,0,3,NA,NA,"N","globiformis‚Äã","Aporia",2024,"Lytic","Y"
2,"32D.3.1.2.3","Arthrobacter oryzae‚Äã","B24478","G",16,3,3,5330000,NA,"N","oryzae‚Äã","Aporia",2024,"Lytic","Y"
2,"32D.3.1.2.3","Arthrobacter globiformis‚Äã","B2979","TARGET",16,5,3,5.33e+08,NA,"N","globiformis‚Äã","Aporia",2024,"Lytic","Y"
2,"29E.1.1.1","Arthrobacter globiformis‚Äã","B2880","B",9,5,3,3e+08,0.18,"N","globiformis‚Äã","IllegallySmol",2024,"","Y"
2,"29E.1.1.1","Arthrobacter globiformis‚Äã","B24025","F",0,0,3,NA,NA,"N","globiformis‚Äã","IllegallySmol",2024,"","Y"
2,"29E.1.1.1","Arthrobacter oryzae‚Äã","B24478","G",0,0,3,NA,NA,"N","oryzae‚Äã","IllegallySmol",2024,"","Y"
2,"29E.1.1.1","Arthrobacter globiformis‚Äã","B2979","TARGET",5,6,3,1.67e+09,NA,"N","globiformis‚Äã","IllegallySmol",2024,"","Y"
2,"TrixiePhattel","Arthrobacter globiformis‚Äã","B2880","B",9,7,3,3e+10,0.375,"N","globiformis‚Äã","TrixiePhattel",2024,"Lytic","N"
2,"TrixiePhattel","Arthrobacter globiformis‚Äã","B24025","F",11,7,3,3.67e+10,0.458,"N","globiformis‚Äã","TrixiePhattel",2024,"Lytic","N"
2,"TrixiePhattel","Arthrobacter oryzae‚Äã","B24478","G",26,6,3,8.67e+09,0.108,"N","oryzae‚Äã","TrixiePhattel",2024,"Lytic","N"
2,"TrixiePhattel","Arthrobacter globiformis‚Äã","B2979","TARGET",24,7,3,8e+10,NA,"N","globiformis‚Äã","TrixiePhattel",2024,"Lytic","N"
2,"Ultraviolet","Arthrobacter globiformis‚Äã","B2880","B",0,1,3,NA,NA,"N","globiformis‚Äã","Ultraviolet",2024,"","N"
2,"Ultraviolet","Arthrobacter globiformis‚Äã","B24025","F",0,0,3,NA,NA,"N","globiformis‚Äã","Ultraviolet",2024,"","N"
2,"Ultraviolet","Arthrobacter oryzae‚Äã","B24478","G",0,0,3,NA,NA,"N","oryzae‚Äã","Ultraviolet",2024,"","N"
2,"Ultraviolet","Arthrobacter globiformis‚Äã","B2979","TARGET",10,7,3,3.33e+10,NA,"N","globiformis‚Äã","Ultraviolet",2024,"","N"
2,"Liebe","Arthrobacter globiformis‚Äã","B2880","B",1,1,3,3330,9.09e-07,"N","globiformis‚Äã","Liebe",2017,"Temperate","N"
2,"Liebe","Arthrobacter globiformis‚Äã","B24025","F",14,6,3,4.67e+09,1.27,"N","globiformis‚Äã","Liebe",2017,"Temperate","N"
2,"Liebe","Arthrobacter oryzae‚Äã","B24478","G",0,0,3,NA,NA,"N","oryzae‚Äã","Liebe",2017,"Temperate","N"
2,"Liebe","Arthrobacter globiformis‚Äã","B2979","TARGET",11,6,3,3.67e+09,NA,"N","globiformis‚Äã","Liebe",2017,"Temperate","N"
2,"1E.1.1","Arthrobacter globiformis‚Äã","B2880","B",3,1,3,10000,1.36e-06,"N","globiformis‚Äã","Coopy",2023,"","Y"
2,"1E.1.1","Arthrobacter globiformis‚Äã","B24025","F",10,4,3,33300000,0.00455,"N","globiformis‚Äã","Coopy",2023,"","Y"
2,"1E.1.1","Arthrobacter oryzae‚Äã","B24478","G",0,0,3,NA,NA,"N","oryzae‚Äã","Coopy",2023,"","Y"
2,"1E.1.1","Arthrobacter globiformis‚Äã","B2979","TARGET",22,6,3,7.33e+09,NA,"N","globiformis‚Äã","Coopy",2023,"","Y"
2,"32D.4.1.1","Arthrobacter globiformis‚Äã","B2880","B",13,4,3,43300000,0.0186,"N","globiformis‚Äã","BananaPudding",2024,"Lytic","Y"
2,"32D.4.1.1","Arthrobacter globiformis‚Äã","B24025","F",15,5,3,5e+08,0.214,"N","globiformis‚Äã","BananaPudding",2024,"Lytic","Y"
2,"32D.4.1.1","Arthrobacter oryzae‚Äã","B24478","G",0,0,3,NA,NA,"N","oryzae‚Äã","BananaPudding",2024,"Lytic","Y"
2,"32D.4.1.1","Arthrobacter globiformis‚Äã","B2979","TARGET",7,6,3,2.33e+09,NA,"N","globiformis‚Äã","BananaPudding",2024,"Lytic","Y"
2,"23E.1.1","Arthrobacter globiformis‚Äã","B2880","B",34,4,3,1.13e+08,0.0486,"N","globiformis‚Äã","Chabazite",2023,"","Y"
2,"23E.1.1","Arthrobacter globiformis‚Äã","B24025","F",4,5,3,1.33e+08,0.0571,"N","globiformis‚Äã","Chabazite",2023,"","Y"
2,"23E.1.1","Arthrobacter oryzae‚Äã","B24478","G",0,0,3,NA,NA,"N","oryzae‚Äã","Chabazite",2023,"","Y"
2,"23E.1.1","Arthrobacter globiformis‚Äã","B2979","TARGET",7,6,3,2.33e+09,NA,"N","globiformis‚Äã","Chabazite",2023,"","Y"
2,"35E.2.1.1","Arthrobacter globiformis‚Äã","B2880","B",0,0,3,NA,NA,"N","globiformis‚Äã","CherokeeRose",2024,"","Y"
2,"35E.2.1.1","Arthrobacter globiformis‚Äã","B24025","F",0,0,3,NA,NA,"N","globiformis‚Äã","CherokeeRose",2024,"","Y"
2,"35E.2.1.1","Arthrobacter oryzae‚Äã","B24478","G",0,0,3,NA,NA,"N","oryzae‚Äã","CherokeeRose",2024,"","Y"
2,"35E.2.1.1","Arthrobacter globiformis‚Äã","B2979","TARGET",16,6,3,5.33e+09,NA,"N","globiformis‚Äã","CherokeeRose",2024,"","Y"
1,"T4D1.1.1","Arthrobacter globiformis‚Äã","B2880","B",10,7,3,33333333333.3333,1.42857142857143,"N","globiformis‚Äã","PrettyLilBaby",2025,"","Y"
1,"T4D1.1.1","Arthrobacter globiformis‚Äã","B24025","F",5,0,3,1666.66666666667,7.14285714285714e-08,"N","globiformis‚Äã","PrettyLilBaby",2025,"","Y"
1,"T4D1.1.1","Arthrobacter oryzae‚Äã","B24478","G",0,0,3,0,NA,"N","oryzae‚Äã","PrettyLilBaby",2025,"","Y"
1,"T4D1.1.1","Arthrobacter globiformis‚Äã","B2979","TARGET",7,7,3,23333333333.3333,NA,"N","globiformis‚Äã","PrettyLilBaby",2025,"","Y"
1,"T10E.1.1.1","Arthrobacter globiformis‚Äã","B2880","B",0,0,3,0,NA,"N","globiformis‚Äã","Hengyu",2025,"Temperate","Y"
1,"T10E.1.1.1","Arthrobacter globiformis‚Äã","B24025","F",2,7,3,6666666666.66667,0.666666666666667,"N","globiformis‚Äã","Hengyu",2025,"Temperate","Y"
1,"T10E.1.1.1","Arthrobacter oryzae‚Äã","B24478","G",0,0,3,0,NA,"N","oryzae‚Äã","Hengyu",2025,"Temperate","Y"
1,"T10E.1.1.1","Arthrobacter globiformis‚Äã","B2979","TARGET",3,7,3,1e+10,NA,"N","globiformis‚Äã","Hengyu",2025,"Temperate","Y"
1,"T37E.4.5.3","Arthrobacter globiformis‚Äã","B2880","B",1,7,3,3.33e+09,0.411111111111111,"N","globiformis‚Äã","BuldakRamen",2025,"Temperate","Y"
1,"T37E.4.5.3","Arthrobacter globiformis‚Äã","B24025","F",8,7,3,26666666666.6667,3.29218106995885,"N","globiformis‚Äã","BuldakRamen",2025,"Temperate","Y"
1,"T37E.4.5.3","Arthrobacter oryzae‚Äã","B24478","G",3,7,3,1e+10,1.23456790123457,"N","oryzae‚Äã","BuldakRamen",2025,"Temperate","Y"
1,"T37E.4.5.3","Arthrobacter globiformis‚Äã","B2979","TARGET",162,6,20,8.1e+09,NA,"N","globiformis‚Äã","BuldakRamen",2025,"Temperate","Y"
1,"T44D.1.1.1.1.1","Arthrobacter globiformis‚Äã","B2880","B",13,3,3,4333333.33333333,0.000333333333333333,"N","globiformis‚Äã","Elena12",2025,"","Y"
1,"T44D.1.1.1.1.1","Arthrobacter globiformis‚Äã","B24025","F",0,0,3,0,NA,"N","globiformis‚Äã","Elena12",2025,"","Y"
1,"T44D.1.1.1.1.1","Arthrobacter oryzae‚Äã","B24478","G",0,0,3,0,NA,"N","oryzae‚Äã","Elena12",2025,"","Y"
1,"T44D.1.1.1.1.1","Arthrobacter globiformis‚Äã","B2979","TARGET",0,0,3,3e+10,NA,"N","globiformis‚Äã","Elena12",2025,"","Y"
1,"T11E.1.1.1","Arthrobacter globiformis‚Äã","B2880","B",1,2,3,33333.3333333333,0.06,"Y","globiformis‚Äã","EagleRow",2025,"","Y"
1,"T11E.1.1.1","Arthrobacter globiformis‚Äã","B24025","F",20,6,3,6666666666.66667,0.5,"N","globiformis‚Äã","EagleRow",2025,"","Y"
1,"T11E.1.1.1","Arthrobacter oryzae‚Äã","B24478","G",0,0,3,0,NA,"N","oryzae‚Äã","EagleRow",2025,"","Y"
1,"T11E.1.1.1","Arthrobacter globiformis‚Äã","B2979","TARGET",4,7,3,13333333333.3333,NA,"N","globiformis‚Äã","EagleRow",2025,"","Y"
1,"T9E.1.1.1","Arthrobacter globiformis‚Äã","B2880","B",47,2,3,1566666.66666667,1.56666666666667e-05,"N","globiformis‚Äã","NovaX7",2025,"","Y"
1,"T9E.1.1.1","Arthrobacter globiformis‚Äã","B24025","F",24,7,3,8e+10,0.8,"N","globiformis‚Äã","NovaX7",2025,"","Y"
1,"T9E.1.1.1","Arthrobacter oryzae‚Äã","B24478","G",0,0,3,0,NA,"N","oryzae‚Äã","NovaX7",2025,"","Y"
1,"T9E.1.1.1","Arthrobacter globiformis‚Äã","B2979","TARGET",3,8,3,1e+11,NA,"N","globiformis‚Äã","NovaX7",2025,"","Y"
